split,image,label,class_name,class_id,conf,mode,max_iou_same_class,cx,cy,w,h,verifier_conf,agreement_iou,consensus_score,consensus_decision
val,fixtures/images/val/person_001.jpg,fixtures/labels/val/person_001.txt,person,0,0.902,auto,0.090,0.320,0.410,0.120,0.160,0.866000,0.904762,0.883817,agreed_auto
test,fixtures/images/test/person_002.jpg,fixtures/labels/test/person_002.txt,person,0,0.884,auto,0.130,0.440,0.470,0.120,0.160,0.852000,0.904762,0.867853,agreed_auto
val,fixtures/images/val/person_004.jpg,fixtures/labels/val/person_004.txt,person,0,0.848,auto,0.050,0.680,0.590,0.120,0.160,0.824000,0.904762,0.835914,agreed_auto
test,fixtures/images/test/person_005.jpg,fixtures/labels/test/person_005.txt,person,0,0.830,auto,0.090,0.800,0.350,0.120,0.160,0.810000,0.904762,0.819939,agreed_auto
val,fixtures/images/val/person_007.jpg,fixtures/labels/val/person_007.txt,person,0,0.794,auto,0.170,0.320,0.470,0.120,0.160,0.782000,0.904762,0.787977,agreed_auto
test,fixtures/images/test/person_008.jpg,fixtures/labels/test/person_008.txt,person,0,0.776,auto,0.050,0.440,0.530,0.120,0.160,0.768000,0.904762,0.771990,agreed_auto
val,fixtures/images/val/person_010.jpg,fixtures/labels/val/person_010.txt,person,0,0.740,auto,0.130,0.680,0.350,0.120,0.160,0.740000,0.904762,0.740000,agreed_auto
test,fixtures/images/test/person_011.jpg,fixtures/labels/test/person_011.txt,person,0,0.722,auto,0.170,0.800,0.410,0.120,0.160,0.726000,0.904762,0.723997,agreed_auto
val,fixtures/images/val/helmet_001.jpg,fixtures/labels/val/helmet_001.txt,helmet,1,0.902,auto,0.090,0.320,0.410,0.130,0.175,0.866000,0.911765,0.883817,agreed_auto
test,fixtures/images/test/helmet_002.jpg,fixtures/labels/test/helmet_002.txt,helmet,1,0.884,auto,0.130,0.440,0.470,0.130,0.175,0.852000,0.911765,0.867853,agreed_auto
val,fixtures/images/val/helmet_004.jpg,fixtures/labels/val/helmet_004.txt,helmet,1,0.848,auto,0.050,0.680,0.590,0.130,0.175,0.824000,0.911765,0.835914,agreed_auto
test,fixtures/images/test/helmet_005.jpg,fixtures/labels/test/helmet_005.txt,helmet,1,0.830,auto,0.090,0.800,0.350,0.130,0.175,0.810000,0.911765,0.819939,agreed_auto
val,fixtures/images/val/helmet_007.jpg,fixtures/labels/val/helmet_007.txt,helmet,1,0.794,auto,0.170,0.320,0.470,0.130,0.175,0.782000,0.911765,0.787977,agreed_auto
test,fixtures/images/test/helmet_008.jpg,fixtures/labels/test/helmet_008.txt,helmet,1,0.776,auto,0.050,0.440,0.530,0.130,0.175,0.768000,0.911765,0.771990,agreed_auto
val,fixtures/images/val/helmet_010.jpg,fixtures/labels/val/helmet_010.txt,helmet,1,0.740,auto,0.130,0.680,0.350,0.130,0.175,0.740000,0.911765,0.740000,agreed_auto
test,fixtures/images/test/helmet_011.jpg,fixtures/labels/test/helmet_011.txt,helmet,1,0.722,auto,0.170,0.800,0.410,0.130,0.175,0.726000,0.911765,0.723997,agreed_auto
val,fixtures/images/val/vest_001.jpg,fixtures/labels/val/vest_001.txt,vest,2,0.902,auto,0.090,0.320,0.410,0.140,0.190,0.866000,0.917808,0.883817,agreed_auto
test,fixtures/images/test/vest_002.jpg,fixtures/labels/test/vest_002.txt,vest,2,0.884,auto,0.130,0.440,0.470,0.140,0.190,0.852000,0.917808,0.867853,agreed_auto
val,fixtures/images/val/vest_004.jpg,fixtures/labels/val/vest_004.txt,vest,2,0.848,auto,0.050,0.680,0.590,0.140,0.190,0.824000,0.917808,0.835914,agreed_auto
test,fixtures/images/test/vest_005.jpg,fixtures/labels/test/vest_005.txt,vest,2,0.830,auto,0.090,0.800,0.350,0.140,0.190,0.810000,0.917808,0.819939,agreed_auto
val,fixtures/images/val/vest_007.jpg,fixtures/labels/val/vest_007.txt,vest,2,0.794,auto,0.170,0.320,0.470,0.140,0.190,0.782000,0.917808,0.787977,agreed_auto
test,fixtures/images/test/vest_008.jpg,fixtures/labels/test/vest_008.txt,vest,2,0.776,auto,0.050,0.440,0.530,0.140,0.190,0.768000,0.917808,0.771990,agreed_auto
val,fixtures/images/val/vest_010.jpg,fixtures/labels/val/vest_010.txt,vest,2,0.740,auto,0.130,0.680,0.350,0.140,0.190,0.740000,0.917808,0.740000,agreed_auto
test,fixtures/images/test/vest_011.jpg,fixtures/labels/test/vest_011.txt,vest,2,0.722,auto,0.170,0.800,0.410,0.140,0.190,0.726000,0.917808,0.723997,agreed_auto
val,fixtures/images/val/tractor_001.jpg,fixtures/labels/val/tractor_001.txt,tractor,3,0.902,auto,0.090,0.320,0.410,0.150,0.205,0.866000,0.923077,0.883817,agreed_auto
test,fixtures/images/test/tractor_002.jpg,fixtures/labels/test/tractor_002.txt,tractor,3,0.884,auto,0.130,0.440,0.470,0.150,0.205,0.852000,0.923077,0.867853,agreed_auto
val,fixtures/images/val/tractor_004.jpg,fixtures/labels/val/tractor_004.txt,tractor,3,0.848,auto,0.050,0.680,0.590,0.150,0.205,0.824000,0.923077,0.835914,agreed_auto
test,fixtures/images/test/tractor_005.jpg,fixtures/labels/test/tractor_005.txt,tractor,3,0.830,auto,0.090,0.800,0.350,0.150,0.205,0.810000,0.923077,0.819939,agreed_auto
val,fixtures/images/val/tractor_007.jpg,fixtures/labels/val/tractor_007.txt,tractor,3,0.794,auto,0.170,0.320,0.470,0.150,0.205,0.782000,0.923077,0.787977,agreed_auto
test,fixtures/images/test/tractor_008.jpg,fixtures/labels/test/tractor_008.txt,tractor,3,0.776,auto,0.050,0.440,0.530,0.150,0.205,0.768000,0.923077,0.771990,agreed_auto
val,fixtures/images/val/tractor_010.jpg,fixtures/labels/val/tractor_010.txt,tractor,3,0.740,auto,0.130,0.680,0.350,0.150,0.205,0.740000,0.923077,0.740000,agreed_auto
test,fixtures/images/test/tractor_011.jpg,fixtures/labels/test/tractor_011.txt,tractor,3,0.722,auto,0.170,0.800,0.410,0.150,0.205,0.726000,0.923077,0.723997,agreed_auto
val,fixtures/images/val/slipper_001.jpg,fixtures/labels/val/slipper_001.txt,slipper,4,0.902,auto,0.090,0.320,0.410,0.160,0.220,0.866000,0.927711,0.883817,agreed_auto
test,fixtures/images/test/slipper_002.jpg,fixtures/labels/test/slipper_002.txt,slipper,4,0.884,auto,0.130,0.440,0.470,0.160,0.220,0.852000,0.927711,0.867853,agreed_auto
val,fixtures/images/val/slipper_004.jpg,fixtures/labels/val/slipper_004.txt,slipper,4,0.848,auto,0.050,0.680,0.590,0.160,0.220,0.824000,0.927711,0.835914,agreed_auto
test,fixtures/images/test/slipper_005.jpg,fixtures/labels/test/slipper_005.txt,slipper,4,0.830,auto,0.090,0.800,0.350,0.160,0.220,0.810000,0.927711,0.819939,agreed_auto
val,fixtures/images/val/slipper_007.jpg,fixtures/labels/val/slipper_007.txt,slipper,4,0.794,auto,0.170,0.320,0.470,0.160,0.220,0.782000,0.927711,0.787977,agreed_auto
test,fixtures/images/test/slipper_008.jpg,fixtures/labels/test/slipper_008.txt,slipper,4,0.776,auto,0.050,0.440,0.530,0.160,0.220,0.768000,0.927711,0.771990,agreed_auto
val,fixtures/images/val/slipper_010.jpg,fixtures/labels/val/slipper_010.txt,slipper,4,0.740,auto,0.130,0.680,0.350,0.160,0.220,0.740000,0.927711,0.740000,agreed_auto
test,fixtures/images/test/slipper_011.jpg,fixtures/labels/test/slipper_011.txt,slipper,4,0.722,auto,0.170,0.800,0.410,0.160,0.220,0.726000,0.927711,0.723997,agreed_auto
val,fixtures/images/val/smoking_001.jpg,fixtures/labels/val/smoking_001.txt,smoking,5,0.902,auto,0.090,0.320,0.410,0.170,0.235,0.866000,0.931818,0.883817,agreed_auto
test,fixtures/images/test/smoking_002.jpg,fixtures/labels/test/smoking_002.txt,smoking,5,0.884,auto,0.130,0.440,0.470,0.170,0.235,0.852000,0.931818,0.867853,agreed_auto
val,fixtures/images/val/smoking_004.jpg,fixtures/labels/val/smoking_004.txt,smoking,5,0.848,auto,0.050,0.680,0.590,0.170,0.235,0.824000,0.931818,0.835914,agreed_auto
test,fixtures/images/test/smoking_005.jpg,fixtures/labels/test/smoking_005.txt,smoking,5,0.830,auto,0.090,0.800,0.350,0.170,0.235,0.810000,0.931818,0.819939,agreed_auto
val,fixtures/images/val/smoking_007.jpg,fixtures/labels/val/smoking_007.txt,smoking,5,0.794,auto,0.170,0.320,0.470,0.170,0.235,0.782000,0.931818,0.787977,agreed_auto
test,fixtures/images/test/smoking_008.jpg,fixtures/labels/test/smoking_008.txt,smoking,5,0.776,auto,0.050,0.440,0.530,0.170,0.235,0.768000,0.931818,0.771990,agreed_auto
val,fixtures/images/val/smoking_010.jpg,fixtures/labels/val/smoking_010.txt,smoking,5,0.740,auto,0.130,0.680,0.350,0.170,0.235,0.740000,0.931818,0.740000,agreed_auto
test,fixtures/images/test/smoking_011.jpg,fixtures/labels/test/smoking_011.txt,smoking,5,0.722,auto,0.170,0.800,0.410,0.170,0.235,0.726000,0.931818,0.723997,agreed_auto
